<?xml version="1.0" encoding="utf-8"?>
<extension version="3.1" type="plugin" group="system">
	<name>moufla</name>
	<author>Moufla!</author>
	<creationDate>October 2014</creationDate>
	<copyright>Copyright (C) 2005 - 2014 Open Source Matters. All rights reserved.</copyright>
	<license>GNU General Public License version 2 or later; see LICENSE.txt</license>
	<authorEmail>admin@joomla.org</authorEmail>
	<authorUrl>www.joomla.org</authorUrl>
	<version>1.0</version>
	<description>PLG_MOUFLA_XML_DESCRIPTION</description>
	<files>
		<filename plugin="moufla">moufla.php</filename>
		<filename>index.html</filename>
	</files>
	<config>
	</config>
</extension>
